NAMA_SEKOLAH,NSS,NPSN,ALAMAT_SEKOLAH,NAMA_LENGKAP,NIK,JENIS_KELAMIN,TEMPAT_LAHIR,TANGGAL_LAHIR,NAMA_IBU_KANDUNG,ALAMAT_TEMPAT_TINGGAL,DUSUN,KELURAHAN,KECAMATAN,KOTA,PROVINSI,LINTANG_1,LINTANG_2,AGAMA,NPWP,NAMA_WAJIB_PAJAK,KEWARGANEGARAAN,STATUS_KAWIN,NAMA_PASANGAN,PEKERJAAN_PASANGAN,PASANGAN_PNS,NIP_PASANGAN,STATUS_PEGAWAI,PNS,NIP,NIY,NIGB,NUPTK,JENIS_PTK,SK_PENGANGKATAN,TMT_PENGANGKATAN,LEMBAGA_PENGANGKATAN,SK_CPNS,TMT_CPNS,TMT_PNS,PANGKAT,SUMBER_GAJI,KARTU_PEGAWAI,KARIS,NO_SURAT,TGL_SURAT,TMT_TUGAS,SEKOLAH_INDUK,LISENSI_KEPALA_SEKOLAH,KODE_PROGRAM_KEAHLIAN,JENIS_KETUNAAN,SPESIALIS_MENANGANI,STATUS_AKTIF,HP,EMAIL
"Johnson, Bailey and Martin",4871654856165503,6011350009969661,"23734 Jonathan Dam
Barajasfort, OK 10303",Lauren Ramos,584220495413,Perempuan,Port Thomasville,1997-08-01,Steve Foster,"69012 Hanna Inlet
West Paulmouth, NJ 77098",Lake Ashlee,Port Colton,Lake Gregory,North Erica,Angelaland,29.6944975,68.1300105,Hindu,501883173004,Erin Estrada DDS,Ghana,Belum Kawin,Jennifer Cabrera,Arboriculturist,Tidak,676237592651,Tidak Aktif,Iya,6011631256931029,2246677069846330,2265016730686260,3504098303085467,to,4001612024643044,377852519493968,Lewis-Newman,3504548396432265,4671393187274148000,4747691079715328,"['white', 'box', 'major']","Smith, Thomas and Nelson",30034096645307,6502196770366728,180020904506151,1972-12-20,560209100091,Sea son letter free almost near.,Happy though public citizen.,4864061242415445,"['especially', 'sit', 'federal']","['determine', 'case', 'test']",Tidak Aktif,08194592039993,rudi@gmail.com
"Johnson, Nash and Griffith",3590552729188136,340226395826217,"3241 Foster Center
Larryberg, PA 94015",Matthew Rodriguez,376876346601262,Perempuan,Margaretville,2007-07-25,Margaret Jones,"527 Christy Bypass Apt. 328
South Michael, MA 47231",Port Kari,East Devin,Jasonport,Thomasberg,East Mauricestad,-16.8682175,61.5272025,Budha,3588331594124490,Tammy Lane DVM,Turkmenistan,Kawin,Paul Floyd,Operations geologist,Iya,501884035962,Aktif,Iya,4098850224717366,6011838829402764,6569207944763292,3576506610919999,clearly,4768045211408363,4393861307198673,Kelley-Fisher,3596411149478540,4566531669519,4288103642162405,"['human', 'bank', 'necessary']","Smith, Bell and Schwartz",341159451699229,6548519533210758,2684194842738452,2008-10-30,346097120612188,Lead summer large newspaper left picture general.,Close mother institution hundred evidence forget gun.,213141294747535,"['entire', 'life', 'might']","['group', 'ball', 'material']",Tidak Aktif,+1-860-427-0353x57447,joshua43@example.com
David LLC,4325809360922342,4195503241436,"37588 Michelle Circle Apt. 225
Ashleeport, MI 38983",Erin Wise,3519761214061066,Laki-laki,West Samuelborough,1986-12-22,Fernando Church,"Unit 0791 Box 9368
DPO AE 64560",Jacksonfurt,West Kevin,Hartton,North Connie,Port Theresaside,22.0850375,45.6787465,Katolik,180054784184961,James Benitez DDS,Jamaica,Kawin,Jennifer Johnson,"Engineer, building services",Tidak,3504015902709651,Tidak Aktif,Iya,4100458450562021,371813514768586,5239560779973150,3588441689010817,head,2720882496493293,30208478009213,Avila PLC,379162428907332,4060422316674664396,30358989274788,"['sister', 'society', 'threat']",Brown-Sanchez,4394697068000008,4353964351313897,6542691946809744,1986-06-18,3564866241121884,Different grow family clearly start.,Read voice open myself call magazine evening.,675923352073,"['ever', 'second', 'establish']","['happen', 'chance', 'note']",Tidak Aktif,+1-285-248-1252,patrick15@example.com
"Gibson, Rich and Williams",6566963180435937,3513233691319108,"1017 Flores Union
Anntown, NV 92126",Anna Duran,30167913465960,Perempuan,Smithton,2014-12-15,Larry Pena,"PSC 3716, Box 3572
APO AA 85930",Ashleyburgh,Murraytown,Angelatown,Port Johnchester,Port Tonyborough,-35.000033,3.534127,Islam,4541312979740724,Carrie Ruiz,Jamaica,Belum Kawin,Wayne Estrada,Chartered legal executive (England and Wales),Iya,4735796501226,Aktif,Iya,6519614512781039,4920200146946671710,4987265444996,6011030092019182,region,3553261253406220,4286448241100,Dillon-Thompson,4631028360640,377879826623755,4119930027051,"['since', 'while', 'focus']",Juarez and Sons,5574579138223340,213193399506076,348473693733263,1974-03-10,4931545015057967798,Economic identify tax worker assume mother difficult.,Production production agree.,5254811817199872,"['reduce', 'first', 'eight']","['better', 'pay', 'capital']",Tidak Aktif,408.162.7680x072,ulawson@example.net
Jones-King,2720686306799686,6570932205454904,"671 Keller Burg
Kathrynshire, HI 06089",Cindy Jackson,4611902223428020,Laki-laki,Jonesport,2009-07-08,Danielle Thompson,"3790 Roberts Summit
Marymouth, IN 62946",Nelsonfort,South Damonfurt,West Kristy,South Sarahside,North Jamietown,-42.1948085,29.6026115,Katolik,4147453950114865,William Smith,Mauritania,Belum Kawin,Katelyn Martin,Careers information officer,Iya,4613997942668425,Aktif,Tidak,4274846403241,4174950676332920244,4989770337440924219,3584568892389176,trade,4469335594095222767,4155970070611891,Jones-Zuniga,2267662627322945,3501466855079001,3561312635327434,"['produce', 'see', 'break']","Mann, Anderson and Burgess",2241440386606993,676114877597,3596307372955594,2004-03-20,213199620095292,Word most red place heavy chance knowledge.,Appear several song his.,6559398968355008,"['minute', 'check', 'notice']","['trial', 'out', 'score']",Tidak Aktif,001-964-102-8001,kristinmorris@example.org
"Barnes, Goodman and Conley",4000916856078505,4344982411751,"654 Jones Lake Suite 658
Sandersland, MA 50040",Kayla Soto,2254034819957745,Perempuan,Scottborough,1989-07-28,Dwayne Keith,"9977 Bradley Squares
Nicholasberg, CO 20023",East Alexanderside,East Gregoryton,Woodhaven,Stoneburgh,Wardchester,65.4589585,16.8130545,Konghuchu,30375633678867,David Dean,Swaziland,Belum Kawin,Nicholas Williams,"Production assistant, television",Tidak,345390826863226,Tidak Aktif,Tidak,4703339272420347157,6567914765061472,3587188514625191,4907501624006774,city,3577444159522462,6517136982638335,Davis LLC,4305006281779692838,3544608190243789,502069635345,"['western', 'draw', 'minute']",Brown-Jordan,6011660613545917,4672897619888348,4930540110065,2017-03-13,4661627480333964,To try ball practice imagine.,Speech produce pretty.,6588394610686358,"['bag', 'attack', 'Democrat']","['TV', 'win', 'world']",Aktif,(073)742-3770x477,vmoreno@example.org
Patton Inc,30557846416645,4109194159022678861,"93827 Henry Oval Suite 279
Scotthaven, RI 35293",Ashley Santos,30198297813517,Laki-laki,North Patriciastad,2019-08-14,Nathan Rogers,"908 Padilla Throughway Apt. 319
Port Angela, DE 94354",South Kathrynshire,Joshuaside,Jasmineton,West Cole,South Lanceburgh,2.446858,12.3417655,Konghuchu,3522697257153250,Mrs. Alicia Ochoa,Svalbard & Jan Mayen Islands,Belum Kawin,Stephen Myers,Optometrist,Tidak,3555344947579269,Tidak Aktif,Tidak,180073055570070,4288621148267745126,4016526151982129,4750506596787077,hope,4527666804580193298,2714018329871631,Irwin-Coleman,6581434907445246,30222588148795,580793171076,"['cut', 'explain', 'soldier']",Brown-Molina,3572684063189537,6011076800702072,2481263114912015,2001-05-05,4670175620796566,College particular line home board.,Church food apply successful fill somebody.,3563654451910118,"['red', 'force', 'figure']","['training', 'south', 'daughter']",Aktif,(631)846-3996x21301,ocaldwell@example.com
"Soto, Palmer and Delgado",36815868224733,4981952818216,"99211 Susan Mews Apt. 079
Woodsberg, DC 75037",Heather Collins,2254930497342706,Perempuan,Royshire,2016-08-06,Daniel Cook,"48766 Alexis Track
East Ashley, WV 10878",South Autumnmouth,North Audreystad,East Williamhaven,Fordhaven,Stewartburgh,62.982169,88.686992,Kristen,4132045908732769,Taylor Christensen,South Africa,Belum Kawin,Thomas Briggs,Counsellor,Tidak,4374227376022900,Tidak Aktif,Iya,5408242031067734,3506584277532491,30342608616892,676323374295,defense,373089285235539,343542583960692,Donaldson PLC,30045101356185,3525784347398637,375841646364236,"['analysis', 'old', 'debate']",May-Suarez,4052945371280061,3542814054520161,2649155304841054,2004-11-26,30045064502213,Half interest along.,No consider stage scene charge occur item early.,3594265108966644,"['these', 'activity', 'one']","['best', 'project', 'simply']",Tidak Aktif,327-470-3078x74775,baileyscott@example.com
Williams-Torres,180078145956098,30151722726507,"680 Gaines Park
North John, NH 80635",Robin Krueger,4258391096539519,Laki-laki,Carterberg,1982-07-17,Alexis Gentry,"820 Carol Via
Justinton, VT 34386",Lake Logan,Lake Ashley,Scottport,West Nicolestad,New Andreaside,-43.9965995,-82.6685645,Kristen,6011596751279598,Jon Smith,Gibraltar,Belum Kawin,Steven Hunt,Community arts worker,Tidak,3514447810743936,Tidak Aktif,Iya,4347409080978128783,344678384357982,6011688771229602,2552259169257102,prepare,6011032685505049,30452397053965,Reynolds-Gardner,676289229632,4327424952253673894,180093468895146,"['pattern', 'out', 'decision']",Howard Group,377726755388340,4078693745814,38857008677998,1994-03-17,30132052955304,Former around reflect early leg tonight.,Space relationship detail.,347672751584366,"['success', 'old', 'because']","['guy', 'player', 'hold']",Tidak Aktif,506.621.4641x3703,mendozacassandra@example.com
"Tran, Salinas and Mann",4030131547109602,6592749417321067,"89012 Garcia Highway
Millsbury, CO 18720",Alexis Phillips,4164501835283764,Laki-laki,New Ginabury,1974-08-15,Alexis Cabrera,"54346 Danielle Burg Apt. 303
South Christineland, MI 71985",Patriciaborough,East Roger,Lake Lauraborough,New Denise,South Joshua,61.678919,62.395159,Kristen,2684147888896519,Nicholas Stafford,Saint Helena,Kawin,Carl Kelley,Primary school teacher,Tidak,4172267683450404714,Tidak Aktif,Tidak,4969852865042647,180083977534484,4924866132808170,180034304190011,always,213176645301525,3533700650074151,"Figueroa, Ortega and Evans",180017389719945,213115601754608,4495434267555391696,"['cut', 'citizen', 'actually']",Patton-Savage,4085139948508556892,346905013907939,6011568245757059,1984-10-23,3537529191744873,Although administration space though through behavior plant.,Head nice spring raise or because begin time.,6535818905318883,"['teacher', 'community', 'week']","['some', 'spring', 'this']",Tidak Aktif,001-071-635-4494x782,karenhughes@example.org
Young-Collins,675942464727,3528197849367231,"5208 Amber Creek
Charlesshire, HI 08113",Dustin Jimenez,348340443995064,Perempuan,Rogersbury,1986-07-20,Dwayne Olson,"Unit 6562 Box 7128
DPO AP 27637",Port Margaret,Lake Erin,East Jimmy,Philliptown,Carrville,-40.212507,-81.6953605,Budha,6563365015702692,Courtney Thomas,Libyan Arab Jamahiriya,Kawin,Stephanie Mason,Agricultural engineer,Iya,6011612099206902,Tidak Aktif,Tidak,3567902313624211,38538630169477,180065700514669,4638621718225324523,woman,2223555632675880,4208861792439843,"Gonzalez, Smith and Jefferson",3551198501695638,342833527481114,5380252888241714,"['cut', 'star', 'author']","Little, Garcia and Brewer",6011778983517058,4412787803666128,060469784825,1988-12-24,3552366588767443,Fact speech include company while beat care.,Message which only player box.,3503612093205464,"['be', 'test', 'maintain']","['strong', 'miss', 'million']",Tidak Aktif,+1-866-410-1351,jbuck@example.com
Joseph Inc,4252885785827,3519161264170034,"229 Reyes Row
Greenestad, NH 02833",Nicole Jackson,6581373098356871,Laki-laki,Ramoston,1985-12-27,Jonathan Gallagher,"698 White Mall Apt. 623
Devinside, NE 87947",Shafferberg,East Brenda,East Emilyside,Derekville,Marcton,64.520383,-24.3075635,Katolik,588517869859,William Henderson,Gambia,Kawin,Kimberly Powers,Human resources officer,Tidak,180050975975324,Tidak Aktif,Tidak,180032041984936,4868127526060862,4048896429329062577,4139916666505700271,money,4566015751463312,4348967168160490,Garza-Carlson,502032078862,3522966627954550,374278188539712,"['society', 'fire', 'team']",Fisher Ltd,3523393300575686,2252796771516238,3503926247091715,2018-11-25,3591441555371835,Appear material indicate military also market.,Race serve almost air middle administration wait.,3513493152846078,"['bed', 'have', 'line']","['fast', 'few', 'piece']",Aktif,881-437-2051,wyoung@example.org
"Buckley, Jones and Butler",569592119584,4281371454882058,"USCGC Wood
FPO AP 69056",Danielle Hunt,3511264141914901,Laki-laki,North Shelleystad,2014-11-01,Troy Tyler,"1422 Jennifer Gateway
Matthewburgh, WI 05659",Christinashire,East Monica,West Lauren,North Jacob,North Lisaberg,30.025890,68.964835,Katolik,3528583693777726,Elizabeth Baker,Zambia,Kawin,Melissa Johnson,Plant breeder/geneticist,Tidak,30043950620579,Aktif,Iya,6011561843927976,349281074250354,3584416172576148,378813009647140,could,6011928884199650,2286242284974226,Rogers-Mcbride,4108151917837381,180067460483119,30364586070298,"['possible', 'leg', 'never']",Hanson-Cox,2273194935833803,2283896425494544,180048088172953,2009-07-03,6011951261491805,Democrat ability right religious.,Teacher cut still card.,6526774455977605,"['cell', 'she', 'Republican']","['force', 'realize', 'deal']",Aktif,001-667-770-2686x49834,vlewis@example.org
"Ayers, Massey and Harris",4793786160789787,2393974902165346,"556 Smith Street Apt. 913
North Michael, MA 53943",Dale Taylor,3560917287681200,Perempuan,East Samantha,2010-07-25,William Smith,"4969 Horn Unions
Cortezhaven, MN 90289",Port Alanland,Haneyborough,North Derek,Lake Patrick,Larsenbury,-32.1060785,-53.8937435,Konghuchu,4248468548731,Joanne Rhodes,Saint Vincent and the Grenadines,Kawin,Ricky Page,Wellsite geologist,Iya,213104863478452,Aktif,Iya,3564674546329560,213101951812790,180080529983961,3521970136222898,long,371760085657427,4060809101536442,Campbell Ltd,6011702498102693,5487175528530828,379821310293784,"['note', 'between', 'sign']","Bradley, Vincent and Palmer",4240454268713248633,501868140267,3550087395301000,2003-01-13,4448395407635,Their series more return.,Four sing picture first.,3542770958065978,"['plan', 'couple', 'everyone']","['bed', 'little', 'right']",Aktif,001-030-312-1257,tonycunningham@example.com
"Brown, Phillips and Walters",4682069308020330,180073197062168,"756 Richard Trail Apt. 541
Careystad, KY 73608",Michelle Houston,38814844203836,Laki-laki,Michellefort,1972-01-19,Jade Smith,"5648 Bryan Pines Suite 917
Allenchester, LA 63380",Tiffanytown,Melissashire,Grahamberg,South Gregoryside,Hollyfort,-67.3880305,-76.3549045,Konghuchu,213129994038545,Catherine Rose,Ethiopia,Kawin,Brian Robles,Social worker,Tidak,676361862888,Tidak Aktif,Tidak,4042875805005783792,2260675583805833,3519321354458299,213141692070852,add,6011396577538966,4951956867756200107,Smith and Sons,3560231073680461,4535087169356,3599585612137878,"['truth', 'throw', 'level']",Rogers-Payne,30161439618764,676215112811,676231687986,1994-03-16,639028405715,Ok cold feel success she put.,Yeah surface recognize test would door.,38543317596604,"['have', 'development', 'Democrat']","['debate', 'me', 'poor']",Tidak Aktif,604-011-0041x500,davidsonjessica@example.com
"Thompson, Dawson and Coleman",3538695638762601,060470307962,"42971 Brewer Lights
East Staceymouth, OH 64209",Nicholas Mccormick,6594081966875014,Laki-laki,Michaelville,1987-02-19,Evan Wise,"6094 Maldonado River Suite 763
West Tammy, SC 40429",East Jason,Port Jennifer,Shawborough,Lake Rhonda,Austinside,29.3825015,80.0930215,Konghuchu,4399776527980169,Stacey Mccoy,Denmark,Belum Kawin,Clifford Morton,Actuary,Iya,3555970137936420,Tidak Aktif,Tidak,375797105792251,371415359082527,6540962099832516,180065472373484,medical,38500869899638,180080012159509,Smith PLC,6011785746439363,6011701650125534,4842566544770591,"['matter', 'challenge', 'recently']",Burton-Hamilton,30175792046801,4156523501746,4829711387543906,2021-08-22,6552966321104664,Go your speech quickly.,Discussion lot that themselves vote.,370376461117455,"['full', 'position', 'style']","['season', 'instead', 'economic']",Tidak Aktif,3594323667,uallen@example.net
"Hurst, Taylor and Perez",6011416749497402,4416887372245,"2287 Christian Summit Suite 862
Lake Terri, AR 97824",Brandon Daniels,371628950774447,Perempuan,South Bettyview,2000-09-02,Meagan Williams,"3433 Craig Fields
North Kristin, AK 12920",Lake Aprilport,Laurenchester,Scottborough,Martinezville,Kathleenside,-1.5889005,76.0444955,Katolik,560966078712,Kimberly Morris,Portugal,Kawin,Brandon Young,Charity fundraiser,Tidak,4851727322837931,Aktif,Tidak,4249252790178095949,4190326598476,340147354783209,4312019856325431,get,30574168051298,586747456927,"Newman, Huerta and Thomas",579325298183,3593263349222019,4948033911090304,"['include', 'be', 'hit']","Soto, Flores and Chen",180041183726088,30534770201830,6565722905726033,2014-12-29,4496413100039831,Reveal economy organization.,Get minute interview bad my too.,4052565427141210418,"['offer', 'add', 'increase']","['account', 'author', 'film']",Tidak Aktif,469.204.9333,elizabethlester@example.com
"Jensen, Pacheco and Leach",30341607504000,213161837486482,"888 Simpson Alley Suite 843
Marshallchester, LA 35925",Barbara Brown,630487475265,Perempuan,Port Diana,2013-11-26,John Martinez,"3790 Harrington Summit Apt. 561
Carterborough, GA 91759",West Patrick,East Angela,Penningtonfurt,Joshuahaven,South Josetown,3.2842455,-81.4855985,Hindu,4878801041612,Johnny Chavez,Belize,Kawin,Julie Lin,"Scientist, clinical (histocompatibility and immunogenetics)",Tidak,342338965971220,Tidak Aktif,Iya,4737703713462391294,4950803908822314,3507674561091061,676397826105,special,4584145172433620012,2239265456931052,Browning-Thomas,3592997681097387,4910683701890943,4256493684100811,"['stop', 'concern', 'own']",Gonzales and Sons,4376431776863,346881184899819,6582333759275298,2001-08-18,630460392107,Simple give challenge which help skill heavy.,System yourself memory PM store choice.,4469814685464786,"['present', 'purpose', 'particularly']","['accept', 'receive', 'seat']",Aktif,688.714.5595,bhancock@example.com
Lee-Gibson,6545580276677481,4433342682380061813,"PSC 3143, Box 9109
APO AE 04602",Amy Neal,6573640075109956,Laki-laki,North Tammyview,2010-07-29,Jonathan Daniels,"5793 Anderson Mountain
West Faith, WV 45071",South Erica,Joneshaven,Newmanchester,South Marilyn,New Reginald,82.9077915,-42.6237305,Kristen,2221103131710031,Mariah Moon,India,Kawin,Christopher Chan,Product manager,Iya,4005432088594,Tidak Aktif,Tidak,676339275106,4663844792235,36835388507128,4667412167169919652,may,372385829357479,4431593672956930,"Davis, Johnson and Martinez",4481158132660909,676146702482,3522154995012000,"['others', 'heart', 'top']",Shepard Inc,4048293811894,4734944928563,4715061561419997552,1974-07-18,2709810083137424,View response someone expert themselves ball significant yard.,Hair free old more.,38409186803408,"['recognize', 'stand', 'eight']","['operation', 'myself', 'never']",Aktif,642.302.0626x0528,ybecker@example.com
"Richards, Jacobson and Mckinney",4542993590519677,213175540397216,"515 Pierce Orchard
North Rachelbury, FL 73062",Donna Rogers,2241006178343382,Laki-laki,North Aliciaton,2002-06-22,Deborah Green,"17596 Arias Tunnel
Hintonhaven, HI 80296",East Markberg,Port Johnshire,Medinaland,New Emily,Kimberlychester,-18.714414,-9.186205,Katolik,346560923409979,Joseph Lewis,Pitcairn Islands,Kawin,Amber Greer,Fitness centre manager,Iya,4523628204134488,Aktif,Iya,378908064161761,5428992518057022,4547887629848164950,30208934146039,key,6011448023706547,3547927840465965,Rodriguez-Whitney,3516013374046146,4645490621239694,3595163008831373,"['would', 'natural', 'risk']","Berger, Sanchez and Sims",213130311612020,3541076855840070,4332222950852,1987-01-30,6570727583757740,Person reach hold specific her argue natural.,Less need animal onto brother sister.,3599097678482057,"['someone', 'challenge', 'evening']","['stand', 'always', 'opportunity']",Aktif,3431815503,michael00@example.org
Lopez-Short,5533666974705728,3554472236981911,"8787 Jacqueline River
Harrisonport, NJ 09998",Laurie Johnson,4792862503362,Perempuan,Stevenborough,1976-06-12,Christopher Stephens,"6831 Willie Streets Apt. 780
South Donaldchester, AK 03108",Tiffanyside,Chambersburgh,Lake Shannonstad,Williamside,Cruzmouth,-70.2393535,-44.945477,Islam,4724510098782753,Katelyn Nelson,Ukraine,Belum Kawin,Scott Dunlap,Firefighter,Iya,4012647586888980,Tidak Aktif,Iya,4589746136571113,4080372244929442,3538053862587064,4410322433628609472,budget,2520688536009193,576063753288,Perez Inc,180003026810214,5420057086527620,3591224764398157,"['push', 'include', 'particular']",Brown-Murphy,180021910129806,4820846521522371,342261175850697,1984-02-01,4524774340823664,Media world alone south remember model practice marriage.,Always religious human stock else board.,213171947275881,"['operation', 'tell', 'writer']","['worker', 'bar', 'sing']",Tidak Aktif,(636)139-1694,jesse34@example.org
Mack-Baker,675947427612,4390607137816171,"2918 Washington River Apt. 989
West Bryanton, ME 05647",Amy Walker,343856071767876,Perempuan,North Juan,1988-02-22,Kevin Harris,"26284 Robinson Knoll Suite 797
Denisefort, ID 02634",North Elizabethton,Stantonside,Lake Elizabeth,Gabrielton,South Gregory,65.3287815,-51.5403355,Kristen,676297090646,Alyssa Avery,Lesotho,Kawin,Shannon Gray,Interpreter,Iya,676366720313,Tidak Aktif,Tidak,3505729719730093,3596443796810766,374808479677803,676200793393,top,4515177972185623253,6011043328996032,"Aguilar, Costa and Sanchez",213152150406744,503860524241,4757382695358837,"['ten', 'technology', 'them']",Jackson Ltd,2250837062167844,3502351863966432,213100086514818,1974-09-16,6531819969021078,Travel glass wall economy couple.,End capital line into address find.,4464701572769978,"['each', 'network', 'character']","['somebody', 'pick', 'test']",Aktif,(924)601-2688,taragallagher@example.com
Ellis PLC,3583094007955505,180059493068462,"65711 Matthew Cove
New Monique, SD 20390",David Harris,30249015338251,Perempuan,East Darrenside,1986-08-18,Angela Bennett,"60855 Carr Court Suite 069
Ralphmouth, NM 46382",West Amanda,South Jasonton,North Mary,Reedborough,Castromouth,-70.487335,-42.766888,Konghuchu,676127692181,Melissa Castro,Gambia,Kawin,Tyler Dawson,Tourist information centre manager,Iya,567466267000,Tidak Aktif,Tidak,213172455621631,4341236762063935733,3577133218401160,563074002459,general,341933399811785,4341937686851034,Wood-Woods,675961221313,3519191259409386,060477987139,"['charge', 'must', 'far']",Morrow PLC,2256883338560325,180075812740490,36072433130447,1992-05-16,4809641182180147,Fear class state huge stuff.,Interview give adult find cell.,570242664615,"['rather', 'hand', 'skill']","['experience', 'early', 'sister']",Tidak Aktif,(789)431-3134,michael46@example.com
Ford-Sharp,3578652545707345,5487519562549352,"494 Davidson Walks Apt. 770
Carriestad, NV 54304",Linda Macias,3594614756055715,Perempuan,Johnsonton,1980-01-03,Victor Gomez,"39605 Martin Ridges Suite 434
Susanfurt, SC 78171",Jamesstad,Velezburgh,Port Matthew,Goldenside,Robertport,3.405722,67.0276795,Katolik,377404276875423,Justin Dorsey,Sao Tome and Principe,Belum Kawin,Levi Robles,Senior tax professional/tax inspector,Iya,6561700289234315,Aktif,Tidak,3575024916379919,3558836756707656,3598371368628506,5582995350452997,themselves,3513467595108759,6011449063004199,Zamora LLC,4866523083955522,4365374989104,180009367315622,"['paper', 'common', 'stock']",Phillips-Walker,630496685664,38902405279491,676366453063,1983-08-04,4493802710376139751,Decide turn performance small new read same garden.,Among tree reason theory reach real.,180005177245124,"['new', 'reveal', 'here']","['our', 'staff', 'yet']",Aktif,(553)302-1376,sarahernandez@example.com
"Lynch, Peterson and Wise",2265315339214064,4058271399130582,"995 Mark Estate Suite 748
West Joe, HI 85959",Nathan Bradley,630494533049,Laki-laki,Bridgesberg,1993-06-21,Robert Boyd,"28515 Leonard Drive
Moorestad, TX 77046",New Emilyland,Sandraton,Patriciaberg,Lake Michaelborough,Sabrinachester,53.2118365,57.1379455,Hindu,6011272836234111,Larry Taylor,Ireland,Kawin,Toni Lewis,Public affairs consultant,Tidak,3587717800880134,Aktif,Iya,30229427604706,4545738621131498,6586429991708280,213112585729698,TV,3511757684613590,3519879645866505,Williams-Matthews,4497150872991650957,4372721990686,213105898637061,"['fear', 'help', 'military']",Jackson-Hernandez,3505206059090453,30157102809144,3573701347152849,1992-02-13,503893837677,Across popular keep suffer recognize many record girl.,Need begin yet ok.,6011599955430348,"['responsibility', 'same', 'material']","['onto', 'agree', 'subject']",Aktif,107-835-6680x806,sabrina79@example.net
"Cummings, Rodriguez and Carrillo",4292542817099054,6011112586191907,"980 Mary Freeway
North Lorishire, VT 74023",Anthony Montgomery,4078150651203962,Laki-laki,Hunterchester,2006-02-15,Heather Woods,"533 Joshua Causeway
East Jasontown, ID 56578",West Michaelchester,Port Audrey,East Brittanyside,Stefanieburgh,West Barryshire,-62.798509,-43.500980,Budha,3548415733632247,Maurice Rhodes,Malta,Kawin,Jerome Lewis,Nutritional therapist,Iya,4820265132838060,Aktif,Iya,376295267255570,4728566270974473,2274713128691105,2529882950475243,whose,6011823096408512,4695416192832012,"Lester, Smith and Russell",4604754620752825800,3592566085926291,4372096002161511,"['test', 'grow', 'one']","Ward, Ho and Rogers",4864877751352465309,582579753572,30520847270296,1989-07-05,2260248923057257,Evidence relationship simple something dark.,Successful rule from she response across.,675932264145,"['of', 'day', 'truth']","['describe', 'either', 'no']",Aktif,4401981506,william37@example.org
"Stewart, Clark and Hammond",379054276277829,4521264936514060,"259 Andrew Junctions
South Jeffreyshire, NC 41364",Christopher Brown,4396529152868,Perempuan,Bryantport,1972-12-06,Tiffany Moore,"310 Robert Roads
Lindaborough, CT 94995",South Rachaelfurt,West Edwardfort,North Donald,Lake Annahaven,Lake Robert,32.5880185,-52.954815,Katolik,4076494813039001,Megan Hayes,Svalbard & Jan Mayen Islands,Kawin,Curtis Mills,"Psychologist, sport and exercise",Tidak,4007405539158812,Aktif,Iya,3529166880365056,4233927092506126721,4265478522191071,373796671567727,strong,2706769144224675,4773577066382544,Rowland-Cook,3557420542479432,345930734579727,4241009451683389,"['manager', 'between', 'miss']",Martinez and Sons,3504849289300795,4486453223254844,2271305001158659,1998-09-28,4988234755686,Range analysis environment main out pass rate.,General market he focus area six.,4668830300893,"['plant', 'easy', 'campaign']","['present', 'dinner', 'protect']",Aktif,001-142-711-9278x24687,hoffmannichole@example.net
Smith PLC,2720382128786453,676121910134,"281 Anthony Meadows Suite 447
Carpenterberg, AK 36848",Shawn Green,38882087525942,Perempuan,West Christystad,2011-11-04,Andrew Anderson,"2580 Karen Station Apt. 223
Nielsenville, CO 67544",New Meganchester,New Johnmouth,New Anthony,Johnberg,Pottertown,-35.308101,21.025402,Konghuchu,6011412518843926,Joseph Wells,Canada,Kawin,Lucas Hurley,Retail merchandiser,Tidak,3589226082712732,Tidak Aktif,Iya,675978918596,4271066298491395,180045570513645,4734738393146907512,cultural,6011923651074756,580922429049,"Miles, Nash and Chang",2282110001942194,6546692612611717,379989939721202,"['single', 'teacher', 'pull']",Lewis PLC,3592595363945186,38890208583401,213198121647346,2020-11-08,4364760868899304,He hope third when provide sit.,Around item employee respond.,4631038888211445244,"['value', 'administration', 'contain']","['better', 'check', 'several']",Aktif,+1-439-354-7242,shanerogers@example.org
"Torres, Rivera and Richards",4664173155964874699,3585489690334026,"355 Nguyen Crossroad Suite 050
Robertsstad, NH 44580",Tina Murphy,213152637453897,Perempuan,West Douglas,1979-02-03,Mr. Donald Savage,"9125 Rogers Burgs
Matthewton, IN 26927",New Patty,Mooreville,Davidsonberg,Port Amber,Harrisview,19.777158,-89.2737595,Katolik,5212812000295015,Derrick Ochoa,Cambodia,Kawin,Kathryn Rodriguez,Teaching laboratory technician,Tidak,36652880813254,Tidak Aktif,Tidak,3584587806308395,4619029206407649,4799173062954,180004179995174,difference,30495663890172,2717451029396046,Gonzalez-Pitts,6011161304724333,675926163816,4567145834230350938,"['through', 'evidence', 'laugh']","Harrington, Blair and Chang",4093272605096598,3543439187456718,4107351557519593,1974-08-23,4865631216583037,Task true approach management though bring.,Than only you wife hear present.,3548521202781314,"['project', 'after', 'toward']","['size', 'really', 'conference']",Tidak Aktif,001-567-269-9111x46785,owilliams@example.com
Hernandez Ltd,676299957669,4449030839836,"13153 Bennett Coves Apt. 991
East Emilyland, WA 40865",Thomas Johnson,375619272641204,Perempuan,North Kristybury,1982-09-13,Jesse Carr,"9530 Katherine Grove
Port Leslie, PA 50442",Marshallmouth,North Thomas,South Angelaborough,Lake Christine,Chrisview,-51.537918,-52.461026,Konghuchu,4565165756695718326,James Dunn,Cyprus,Belum Kawin,Brian Bender,Architect,Tidak,3514016423953768,Tidak Aktif,Iya,379852049991455,502010106792,2251858656959494,4791411593171,daughter,4641795152289968740,6011042360477497,"Rice, Mcintyre and Thompson",6011301115748663,4837553764292,6011678251156565,"['staff', 'seat', 'concern']",Noble Ltd,4270123582434,213136880629501,4984955814596,2014-12-22,4943957147637,Field case three near act.,Positive entire will tend.,4159433706303090,"['themselves', 'evening', 'would']","['capital', 'perform', 'trip']",Aktif,+1-832-781-9105x7183,jonesalicia@example.org
Jackson Inc,676162212549,2420220329716981,"194 Cruz Villages
Benjaminshire, OH 42728",Amy Walker,180097642282717,Laki-laki,Maryburgh,2016-05-13,Paul Ochoa,"3104 Nicole Center
New Laura, OK 71298",Brooksmouth,Averyton,Kylefort,Rodriguezberg,Bradleyview,-54.696567,-1.9462445,Katolik,676325512397,John Valencia,Togo,Kawin,Bradley Jarvis,"Engineer, communications",Iya,30228047855037,Tidak Aktif,Tidak,3561939081305116,4432455119838714268,379857012301756,2253177910584974,concern,180006436376650,4238167322793,"Orr, Moon and Riley",375512200932847,4828265767320931,2720976313294452,"['arrive', 'perhaps', 'training']",Edwards Inc,343619303716735,4693024914732577,38741440921208,2013-03-15,180050436154378,Turn opportunity already establish consider.,Job hard action office claim her.,4913099784469550165,"['church', 'for', 'guess']","['wall', 'movement', 'quite']",Aktif,626.963.1899x0956,katherine19@example.com
"Schwartz, Davis and Cook",3552672341002907,3565419687458607,"101 Church Mountain
Port Williamberg, NE 78047",Mr. Ricky Finley DVM,30116495914218,Perempuan,Robertville,1980-01-20,Jennifer Jimenez,"406 Henry Roads
East Jake, TX 71093",New David,Lake Michelleborough,New Joseph,East Tracey,Lake Branditown,-18.0014495,-7.0006005,Kristen,589409536325,Eugene Quinn,Swaziland,Belum Kawin,Perry Jones,Product manager,Iya,4484867669642,Aktif,Tidak,3591604712935996,4924816671421851,676229711590,4130106040286350541,particular,340730435241550,4487299628144422,"Ross, Nelson and Scott",4372993774685,371485448610943,4629590271077722,"['would', 'whole', 'night']",Parker Group,676151779789,4293263106996814,343384511415741,2010-06-24,213142233212037,Ever front someone coach current think.,Recently door beat notice total house part.,676262316489,"['them', 'whole', 'if']","['decade', 'media', 'to']",Aktif,384.329.5421x09348,sanchezdavid@example.org
"Harris, Davis and Parker",4984466626742887268,180009222407333,"775 Chambers Park
Gonzalezside, RI 99416",Linda Edwards,630465595555,Perempuan,Reyeston,1979-10-06,Karen Stout,"898 Isaac Plains
Colemanside, IL 95330",Danielbury,South Michael,Port Douglasstad,Lopezbury,South Alexandria,85.6949185,-85.5606195,Kristen,4516133499364519,Lindsey Cohen,Paraguay,Kawin,Barbara Bell,"Sound technician, broadcasting/film/video",Iya,2243654135972278,Tidak Aktif,Iya,3525720385511640,4028628936636156,060411805074,3507150748888950,out,3501456510182506,213179651245917,Gonzales Inc,4920946881096,3570069529581968,4487977504329791,"['hold', 'song', 'total']",Valencia-Vance,180011319815519,2621677489956367,30163806576088,1991-12-10,5454745310938584,Near lot consider upon address.,Charge data produce television choice.,4944577737493518,"['relate', 'under', 'provide']","['if', 'around', 'walk']",Tidak Aktif,001-888-384-7281x59107,kmayo@example.com
Cole-Barrera,213145705062277,4444134893708294890,"84007 Ryan Spur
Riverabury, UT 64323",Jeffrey Lane,676262778449,Perempuan,Port Charlesmouth,2005-05-01,Edward Smith,"76858 John Heights Suite 245
Jamesfort, NC 68946",Lake Karenview,Nicoleport,Sheppardfurt,North Jeffreyfurt,Murphymouth,-81.129441,-46.6708725,Katolik,4782717431350102406,Cynthia Porter,Guadeloupe,Kawin,Adam Yang,"Pharmacist, community",Tidak,4238107364644467,Tidak Aktif,Iya,3502530329243524,4968669508438144,4498524857683155,3501329639683037,fish,3555416998398730,6516580356869441,Powell-Hill,3500460309796667,5253493609448634,3583761497410924,"['sound', 'magazine', 'station']","Jackson, Jacobson and Moore",3526153424167167,4727486391968,579124923148,2006-05-03,213166771421841,Own region standard head should.,Office bank because somebody.,060494084811,"['break', 'kitchen', 'little']","['area', 'type', 'under']",Aktif,001-506-390-8518x969,victoratkins@example.net
Pope-Downs,3559603795270719,6554726434326531,"2526 Allen Glens Apt. 994
Port Anthony, NE 31851",Casey Martin Jr.,213150397351152,Laki-laki,Petersonside,2019-12-08,Erika Blake,"80011 Sierra Valley Suite 802
East Diana, SC 08104",Boydborough,Patriciamouth,Vaughnport,Wilsonbury,Lake Tamaraberg,26.808524,5.6343615,Kristen,503830772730,Michelle Robinson,Syrian Arab Republic,Belum Kawin,John Kelly,Water engineer,Iya,6011468155530580,Tidak Aktif,Tidak,4153101840211402987,3514091465491670,30426643092530,36793587708080,various,4639753521583,3586344761377454,Cox-Garcia,6532141345442350,2251577677039041,3511183192922656,"['government', 'who', 'present']",Williams Group,379563878511526,4104057667056874112,378295685910606,2000-09-13,4983363450666209185,Challenge place role those.,Upon certainly along traditional.,6589315682987712,"['beat', 'price', 'discover']","['perhaps', 'upon', 'those']",Tidak Aktif,(324)475-9369,kevin60@example.net
Burns Ltd,4101650539551133897,6011397784287173,"7331 Stephanie Station Apt. 897
New Rachelside, LA 29735",Bruce Lane,4227636043122204149,Laki-laki,South Ronnie,1996-02-12,Jillian Morrison,"6462 Simmons Run Suite 035
Jacksonton, NM 39486",Nicholasfurt,Rhondamouth,Joseton,Jamietown,Ballburgh,75.738704,-49.515826,Budha,4591888094188630226,Carlos Day,Slovakia (Slovak Republic),Kawin,Tyler Robertson,"Conservation officer, nature",Tidak,4612316816029920705,Tidak Aktif,Tidak,3509779029406781,180021908491705,377410559172180,180019617441904,right,4477247384944750,4434705506342750578,Fitzpatrick-Miller,341877752761857,36572585164367,2513481104500374,"['Democrat', 'human', 'before']",Nelson Inc,3593163441055921,342833198346968,30472362656337,1984-11-09,6560277459752781,News water husband participant direction level thank.,Expert beyond respond heavy real certain middle.,4020109360390,"['growth', 'entire', 'never']","['outside', 'base', 'east']",Aktif,+1-265-900-0149x49311,staciedyer@example.net
Briggs-Smith,4482329292540,501863080815,"27780 Jose Fall
South Kellyton, NH 56776",Jacob Solis,3531217643051230,Laki-laki,New Amberton,1980-04-28,Erica Salazar,"99206 Morales Mountains Suite 843
Craigtown, NJ 02589",South Richardview,Lake Amandastad,Lake Chris,South Dawn,Juanville,-39.5096435,62.805840,Islam,4549636201109005387,Angela Rodriguez,Lesotho,Kawin,Michael Taylor,Comptroller,Iya,501815985897,Aktif,Iya,4199474392973384,560071266079,374223964723346,6011701952558564,never,30274178968603,4393976806701411,Jones Inc,676206289123,4224324941790,4226923735002,"['change', 'management', 'message']",Hunt PLC,375220162380597,213161034144421,6011000822796995,2004-11-28,374285005437616,Prepare which next.,Share drive could nation today.,4342026643190105,"['beat', 'five', 'hit']","['page', 'entire', 'drug']",Tidak Aktif,913.184.9347x5173,nancymurillo@example.com
Oneill LLC,3581879239512724,30058667105284,"99236 Jennifer Tunnel Apt. 090
East Patriciafurt, SC 25041",Jennifer Stevens,2530767871577655,Laki-laki,Lake Erin,1996-02-14,David Peterson,"10259 Brian Parkway Suite 484
Jonesstad, ND 72047",Ryanton,North Robertmouth,East Ashleybury,Patrickmouth,West Jenniferbury,-59.0259745,1.5428365,Islam,3527725598831840,Katelyn Davis,Syrian Arab Republic,Belum Kawin,Jimmy Gross,Public relations account executive,Tidak,2292333727101949,Tidak Aktif,Tidak,4083283434425124675,4734896128394992,5300056448309474,4648450935855,increase,4622596719976718769,213190637306038,Mcfarland LLC,36614001881792,6556261641250843,36300355893639,"['meet', 'face', 'theory']",Holmes-Ibarra,3530381632089105,2230003283183145,3544877070694946,1978-03-03,344508572310198,Oil large star today.,Order again base identify company rather him.,676217388294,"['later', 'model', 'method']","['interest', 'left', 'hospital']",Aktif,3096420088,millermathew@example.net
"Bates, Santos and Maynard",180022353872829,3525174394419009,"88171 Kathryn Hill Apt. 589
Morganport, NV 88239",Cassandra Lawrence,180027883449857,Laki-laki,Davidmouth,2014-11-01,Jennifer Dixon,"1339 Thompson Isle Suite 630
West Shawnmouth, LA 35990",Kellyfurt,Lisashire,New Kelseyhaven,Nelsonport,Millerborough,80.4228695,14.6162235,Katolik,38322990715082,Sarah George,Qatar,Kawin,Todd Wilkinson,Higher education careers adviser,Tidak,213105358674448,Tidak Aktif,Iya,4711832824633455,564896451593,4154314339502834,4193735455494,reflect,4337849072555150,502028235310,"Harris, Allison and Douglas",30463197419256,2609705240459961,213109939153575,"['nation', 'me', 'physical']",Rivera-Phillips,180047967658736,180056752650980,30123712290331,1976-09-04,4125919270349,Figure reason pressure lot.,Suffer give chair risk mean professional.,676336881864,"['rise', 'join', 'move']","['wonder', 'high', 'nor']",Tidak Aktif,682.081.3624x5330,davidholloway@example.org
Martin LLC,374822688980312,5141285736337615,"9880 Meyer Ville Suite 313
Tylerview, MT 34876",Rodney Beck,4316864558042491553,Perempuan,North Kylestad,1996-08-15,William Gray,"45530 Joseph Groves
Patriciaview, NE 42100",South Christopherport,New Anna,North Monicashire,Janetmouth,Port Seanfort,-20.4727315,-62.396955,Konghuchu,6588066409258413,David Schmitt,Ecuador,Belum Kawin,Julie Lewis,"Horticulturist, commercial",Tidak,4876999818019925,Tidak Aktif,Iya,675978941200,30071195405910,4651285185013528048,379982476587342,behavior,376017183104280,347920049883987,"Love, Riley and Martinez",676329202086,4690174063010,6556959166225641,"['player', 'to', 'yard']",Humphrey-Rose,630466623695,180020982586216,3506031635884560,2017-07-04,213189187481001,Become again treatment member.,Consider what fast weight until type.,676125712023,"['indeed', 'both', 'network']","['wait', 'return', 'way']",Tidak Aktif,001-872-104-4739x936,melissa85@example.org
Navarro LLC,4707053195487613,213178130487413,"2394 Dave Prairie
Mercermouth, ND 67299",Albert Gonzales,502023760437,Perempuan,Barnesshire,2010-07-09,Daniel Schwartz,"9825 Wanda Isle
Lambertland, NV 23581",Lake Johnny,Clarkeland,East Jenniferbury,South Samanthafurt,Rangelhaven,46.3657715,46.8112895,Islam,3509688215021553,Matthew Shaffer,San Marino,Belum Kawin,Jordan Mendoza,Media buyer,Iya,3508739583424167,Aktif,Iya,503885894207,4051254761413,30548058628886,3574910982492621,describe,3501683258298828,6011196070400890,Rodriguez-Ortiz,3565402197084501,676202713472,349722133521608,"['some', 'pass', 'lawyer']",Stuart-Gray,6011005104340297,4959300506947883,2221031312049939,1979-09-24,3504485690308612,Discuss factor sell along trial join.,Way experience least face together.,4283689177167772,"['sing', 'travel', 'fear']","['billion', 'analysis', 'answer']",Tidak Aktif,3122683705,jordanwilliams@example.com
Garcia Inc,2386697123591383,2718579500069606,"688 Stephen Harbor Apt. 258
Kaylafurt, WI 85616",Kenneth Lopez,4852571000645,Laki-laki,Smithburgh,2008-11-02,Christopher Kane,"82601 Becker Dale Suite 688
Ericburgh, IN 85959",Marquezburgh,East Martin,East Duane,Port Danielport,Port Robertport,-33.952535,-67.949122,Konghuchu,180093259658976,John Thompson,Bahrain,Kawin,Eric Bond,"Engineer, chemical",Tidak,2243881775317361,Tidak Aktif,Tidak,213170982221115,378117836455093,676164702208,4730657846962286,send,3531182041491687,4722282647077,Jimenez-Smith,630431033798,4257415937756,4453999558510,"['decade', 'drop', 'build']",Higgins-Hart,3556986195814480,6547664969279256,4379476094939615,1985-02-22,340562892573955,Thus whatever task follow.,Their past Congress traditional though.,3593460087916204,"['someone', 'song', 'they']","['say', 'brother', 'believe']",Aktif,+1-651-331-0228,jeffrey39@example.org
"Mason, Myers and Long",36821269366719,6564787356819984,"7169 Richardson Place
Port Christopher, MA 58068",Jesus Thompson,180046473787690,Perempuan,Port Douglas,1981-02-22,Joe Diaz,"3515 Clinton Wall Apt. 560
North Terri, FL 31968",Youngville,South Whitneyview,West Charlestown,Jonathanbury,East Frank,35.685299,51.4068865,Hindu,4859045051901063,Charles Cooper,French Guiana,Belum Kawin,Brenda Smith,Pensions consultant,Iya,3554640710399764,Tidak Aktif,Tidak,3558146262528376,374427160704717,4543376784421976,2299827428693388,computer,3583139859639945,502008088242,"Parks, Wyatt and Holt",3524291993461512,4280068289625535,36270291265806,"['song', 'include', 'discover']","Riddle, Larson and Johnston",30570790804948,4645974323881,676233922928,2005-04-04,30012655269164,Image fight especially.,Term cold kid network stock reveal never.,343436438982524,"['effect', 'develop', 'year']","['claim', 'five', 'south']",Tidak Aktif,001-027-286-1736x54515,znielsen@example.org
Ramos-Marsh,4210847164618634077,4513111904809321,"2259 Fowler Extension Suite 514
Diazmouth, KS 35160",Desiree Boone,4905416691703,Perempuan,East Jeremiah,1983-12-12,Matthew Todd,"0365 Donald Dale Apt. 948
Brandonmouth, NV 48454",New Kenneth,Susanburgh,West Frankhaven,North Robert,Maddoxchester,62.994998,34.580566,Hindu,180041018973335,Matthew Martin,Cote d'Ivoire,Belum Kawin,Nicholas Clark,"Engineer, electronics",Iya,2352630372016489,Aktif,Tidak,4892540016377032189,377119060199299,639071354893,376994086019288,deep,4375250674671193,4316936048483,"Hopkins, Freeman and White",3589937650364322,3548426460698327,4288086387275880,"['write', 'yard', 'particular']",Brown Ltd,180076425922947,4261345817562544,4037082940491761,1995-03-02,3520181785025522,Act television house.,Local effect child song without let amount.,4735266140802951,"['bill', 'chance', 'watch']","['expert', 'difficult', 'design']",Aktif,001-242-623-1210x9823,jerryolson@example.org
Williams Group,6011819957924811,4984360834962334,"6375 Jacobs Forest
Torresville, NV 41638",Christopher Ashley,4000651372887598,Perempuan,East Lonnie,2020-03-19,Jerry Johnson,"81984 Ponce Causeway
Port Larry, MA 62268",North Maria,New Jacobchester,Robinsonfort,Port Jessicaville,South Brandontown,-27.949499,48.1343575,Budha,30568392207924,Thomas Rodriguez,Rwanda,Kawin,Shannon Sanchez,"Administrator, local government",Iya,5427599697348717,Aktif,Iya,370652341591162,6596657483199174,3581118139075197,4407380020240419,foot,4170387462121077,30022309369138,Rosales-Montgomery,2278333778311478,4390315109899322572,676314668929,"['least', 'child', 'skill']",Miller-Haynes,213134611664376,3566914563669813,3576096252371824,1995-03-28,377912555627539,One agreement bill myself.,Measure series probably by particular can others serious.,3549743630528864,"['stuff', 'attack', 'husband']","['win', 'practice', 'this']",Aktif,001-293-703-5065x257,chapmanchristy@example.com
Smith Group,4672841023517119,6527136702506885,"621 Alexis Trafficway Suite 377
South Amy, NJ 92093",John Smith,3515205060304968,Laki-laki,Garciaview,1986-01-17,Chase Gordon,"USS Davis
FPO AE 11563",Christophertown,Martinezmouth,Williamville,Nelsonburgh,Lake Karlfurt,12.018968,31.6531055,Kristen,4533965745942,Mrs. Nancy Phillips,Korea,Kawin,James Long,IT trainer,Tidak,4994072258643599563,Aktif,Iya,4494597995368958,3509778297202211,4685337338967185,6011200478726649,miss,4864570812613072,4520382435966234,Booker-Sanders,6011704232464553,676209105409,4479126584663188,"['simply', 'however', 'cultural']","Lyons, Davis and Smith",3542243535739705,4656952384291911379,30019500839117,2010-05-06,4964737655293564,Body might week include night cost.,Enjoy book sing fly realize participant.,3523899109056512,"['dark', 'ahead', 'across']","['word', 'fast', 'evening']",Aktif,105.742.4540,eileengomez@example.org
Young Ltd,4408002265147005,213193089387514,"55999 Angela Meadow
Thomashaven, TN 12648",Cody David,2223152654125711,Perempuan,Patrickstad,1996-05-04,Miranda Wilkins,"2211 Rodriguez Haven
South Chadstad, MS 48030",Yatesberg,North Ashleyton,Lake Allenshire,Hinestown,Michaelmouth,5.7461105,72.515269,Katolik,4823446819106354,Bradley Morrison,Vietnam,Kawin,James Martin,Meteorologist,Tidak,344671425885830,Tidak Aktif,Iya,503863210939,6576195584672389,4742915478971918,30285393432951,possible,3525531302058940,371099348425714,Hopkins-Clark,213171713449074,4229611100527903,30586597770298,"['cost', 'half', 'learn']",Hartman LLC,5221770217442219,4245119888136,4572913464393887,2009-08-12,4667483040969507,Between cover though style such analysis.,Report clearly check admit stock democratic.,3551245414346104,"['foot', 'land', 'board']","['idea', 'figure', 'project']",Tidak Aktif,001-588-720-4116x05602,cartervicki@example.com
Carter and Sons,4562404462134418,213140156395094,"1122 Soto Common Suite 840
South Lisa, AR 01964",Jessica Roberts,30371999861221,Perempuan,Patrickbury,1989-10-29,Jill Le,"256 Andre Valleys Apt. 779
Lake Alexchester, TN 85948",Medinafurt,Sarahborough,East Maryside,Changview,South Cindy,87.731175,33.718523,Budha,3580455917282632,Matthew Sanders,American Samoa,Belum Kawin,Jill Harvey,Interpreter,Iya,676358366323,Aktif,Iya,2718902725018440,378015274523317,565801410343,30104591239599,set,3597313835478447,4478863802547196062,Waller Group,4906005058007,6569433709455144,502064030153,"['learn', 'simple', 'occur']","Mitchell, George and Johnson",3569299717179886,4097277631615697,502064719052,1991-07-03,3594932443074109,Point near enter artist candidate various.,Film hit spring the guess point.,4927469325046719287,"['ask', 'despite', 'ability']","['continue', 'type', 'leg']",Aktif,+1-069-771-0225x629,frederickwatson@example.com
Anderson-Kelly,3596814768361253,213190124302367,"04069 Parrish Ville Suite 028
Thomaston, UT 51944",Adam Herrera,30035086527199,Perempuan,South Howard,1972-05-13,Jeremy Butler,"995 Goodwin Brooks
Spencerfort, IL 73045",North Donaldberg,East Jennifer,South Natashamouth,Shawnside,Port Christopher,-81.6391845,19.475277,Katolik,2435528699386760,Mr. Nathaniel Coffey,Brunei Darussalam,Belum Kawin,Calvin Ramos,Equities trader,Tidak,6533908245141699,Tidak Aktif,Tidak,180038115525836,341482573792346,6011657056100697,3509588717808384,society,213160368339458,346798061198810,Miller-Paul,372855571422465,4733227815323,36181718574128,"['free', 'response', 'create']",Alvarado LLC,4402517870318994,6503115564098593,6011577422015157,2011-04-15,3573508121965860,Create leader your serve prevent audience.,Subject push job speech.,4542234788093537095,"['situation', 'way', 'affect']","['accept', 'available', 'ground']",Aktif,425-799-1341x3589,gonzaleztammy@example.com
Salazar-Robertson,349438869092165,4125446778240066,"9366 Olivia Junction Suite 501
Nelsonside, NC 75050",Miguel Wagner,676107821222,Laki-laki,Port Candiceberg,2016-07-07,Molly Douglas,"29035 Moore Corner Suite 334
Port Zacharyport, KS 53371",Marksside,Phillipsland,Michelleborough,North Savannah,South Douglasville,-41.5864125,45.5133705,Hindu,4752219533798649,Holly Moon,Bolivia,Kawin,Dawn Perez,Product manager,Tidak,503805718684,Tidak Aktif,Iya,3511978133058712,180034880154969,379076221749156,6572947799044935,water,4009682901247161,503850106710,Johnson-Ortiz,38854225698568,676210937097,30315346655893,"['push', 'particular', 'watch']",Williams Inc,676250719066,4940594051213967787,4032077245890738,1992-10-27,3543154836012974,Eight difference official put be.,You alone lay.,2701728650428828,"['environmental', 'man', 'oil']","['enter', 'wide', 'newspaper']",Aktif,(890)203-5899,chapmanshannon@example.net
